[{"@type":"mappingTemplate","id":"@1","name":"Mapping_RESTV2","description":"","bundleVersion":"0","assetFrsGuid":"35AKJgBHCsqkWUx7zrEgAG","templateId":"@3","hasParameters":false,"valid":true,"fixedConnection":true,"hasParametersDeployed":false,"fixedConnectionDeployed":false,"isSchemaValidationEnabled":false,"tasks":0,"mappingPreviewFileRecordId":"@2","documentType":"MAPPING","references":[{"@type":"reference","refObjectId":"@akpRlPGVizNilOEWO7Vj0L","refType":"connection"},{"@type":"reference","refObjectId":"@2BwrQwbBfO6gT92HSCJlEa","refType":"connection"}]}]